species,code,lu,ref_to,Flor_P1_b,Flor_P1_l,Flor_P1_u,Flor_P2_b,Flor_P2_l,Flor_P2_u,Flor_P3_b,Flor_P3_l,Flor_P3_u,Nest_P1_b,Nest_P1_l,Nest_P1_u,Nest_per_ha
1,0,0,NA,0,0,0,0,0,0,0,0,0,0,0,0,0
1,1,1,NA,7.851851852,6.076747024,9.62695668,7.851851852,6.076747024,9.62695668,7.851851852,6.076747024,9.62695668,0.518518519,0.473543058,0.563493979,9.990125185
1,2,2,NA,11.09090909,8.95687241,13.22494577,11.09090909,8.95687241,13.22494577,11.09090909,8.95687241,13.22494577,0.346153846,0.229402961,0.462904732,6.669231923
1,3,3,NA,3.882352941,2.810097085,4.954608797,3.882352941,2.810097085,4.954608797,3.882352941,2.810097085,4.954608797,0.367741935,0.309728218,0.425755653,7.085162516
1,4,4,NA,12,10.88230181,13.11769819,12,10.88230181,13.11769819,12,10.88230181,13.11769819,0.615789474,0.559090323,0.672488625,11.86421258
1,5,5,NA,11.04761905,9.690685062,12.40455303,11.04761905,9.690685062,12.40455303,11.04761905,9.690685062,12.40455303,0.660606061,0.593831257,0.727380865,12.72767897
1,6,6,NA,12.13793103,10.69954113,13.57632094,12.13793103,10.69954113,13.57632094,12.13793103,10.69954113,13.57632094,0.557142857,0.474687161,0.639598553,10.73428757
1,7,7,NA,17.62162162,16.76328792,18.47995532,17.62162162,16.76328792,18.47995532,17.62162162,16.76328792,18.47995532,0.775,0.752671196,0.797328804,14.93166925
1,8,8,NA,8.592592593,6.594628631,10.59055655,8.592592593,6.594628631,10.59055655,8.592592593,6.594628631,10.59055655,0.44137931,0.370296403,0.512462218,8.503909517
1,9,9,NA,17.18518519,16.09303935,18.27733102,17.18518519,16.09303935,18.27733102,17.18518519,16.09303935,18.27733102,0.38,0.271809136,0.488190864,7.3213346
1,10,10,NA,5.043478261,3.815778633,6.271177889,5.043478261,3.815778633,6.271177889,5.043478261,3.815778633,6.271177889,0.32,0.206121025,0.433878975,6.1653344
1,11,11,NA,12.625,11.18325487,14.06674513,12.625,11.18325487,14.06674513,12.625,11.18325487,14.06674513,0.776470588,0.700273746,0.85266743,14.96000259
1,12,12,NA,17.14285714,16.11066152,18.17505276,17.14285714,16.11066152,18.17505276,17.14285714,16.11066152,18.17505276,0.822222222,0.784024908,0.860419536,15.84148422
1,13,13,NA,7.555555556,5.711845329,9.399265782,7.555555556,5.711845329,9.399265782,7.555555556,5.711845329,9.399265782,0.382857143,0.30174098,0.463973306,7.376382229
1,14,14,NA,4.588235294,3.480009689,5.6964609,4.588235294,3.480009689,5.6964609,4.588235294,3.480009689,5.6964609,0.24,0.174023177,0.305976823,4.6240008
1,15,15,NA,14.75,13.14643255,16.35356745,14.75,13.14643255,16.35356745,14.75,13.14643255,16.35356745,0.514285714,0.476190476,0.552380952,9.908573143
1,16,16,NA,13.8,11.83397275,15.76602725,13.8,11.83397275,15.76602725,13.8,11.83397275,15.76602725,0.361904762,0.325915345,0.397894178,6.972699619
1,17,17,NA,11.2,8.814860824,13.58513918,11.2,8.814860824,13.58513918,11.2,8.814860824,13.58513918,0.24,0.138581489,0.341418511,4.6240008
1,18,18,NA,17.03225806,16.07864903,17.9858671,17.03225806,16.07864903,17.9858671,17.03225806,16.07864903,17.9858671,0.241666667,0.145420706,0.337912628,4.656111917
1,19,19,NA,9.5,7.781750614,11.21824939,9.5,7.781750614,11.21824939,9.5,7.781750614,11.21824939,0.1,0.014514959,0.185485041,1.926667
1,20,20,NA,15.31034483,13.69062122,16.93006844,15.31034483,13.69062122,16.93006844,15.31034483,13.69062122,16.93006844,0.66,0.593712077,0.726287923,12.7160022
1,21,21,NA,15.89473684,14.30127581,17.48819788,15.89473684,14.30127581,17.48819788,15.89473684,14.30127581,17.48819788,0.662857143,0.570867008,0.754847278,12.77104983
1,22,22,NA,14.11111111,12.21416285,16.00805937,14.11111111,12.21416285,16.00805937,14.11111111,12.21416285,16.00805937,0.542857143,0.463204536,0.62250975,10.45904943
1,23,23,NA,10.46153846,9.448799094,11.47427783,10.46153846,9.448799094,11.47427783,10.46153846,9.448799094,11.47427783,0.238095238,0.141683423,0.334507053,4.587302381
1,24,24,NA,15.31428571,14.3151264,16.31344502,15.31428571,14.3151264,16.31344502,15.31428571,14.3151264,16.31344502,0.788888889,0.747677086,0.830100692,15.19926189
1,25,25,NA,18.85714286,17.77447893,19.93980678,18.85714286,17.77447893,19.93980678,18.85714286,17.77447893,19.93980678,0.909090909,0.835236015,0.982945804,17.51515455
1,26,26,NA,16,12.8,19.2,16,12.8,19.2,16,12.8,19.2,0.6,0.42,0.78,11.560002
1,27,27,NA,15.51515152,14.53041959,16.49988344,15.51515152,14.53041959,16.49988344,15.51515152,14.53041959,16.49988344,0.309090909,0.175633947,0.442547871,5.955152545
1,28,28,NA,16.82051282,15.95118234,17.68984331,16.82051282,15.95118234,17.68984331,16.82051282,15.95118234,17.68984331,0.273333333,0.16372888,0.382937787,5.266223133
1,29,29,NA,1.230769231,-0.503747131,2.965285592,1.230769231,-0.503747131,2.965285592,1.230769231,-0.503747131,2.965285592,0.1,-0.030930734,0.230930734,1.926667
1,30,30,NA,1.023255814,0.434613883,1.611897745,1.023255814,0.434613883,1.611897745,1.023255814,0.434613883,1.611897745,0.140740741,0.08600937,0.195472112,2.711605407
1,31,31,NA,11.69230769,11.1376075,12.24700789,11.69230769,11.1376075,12.24700789,11.69230769,11.1376075,12.24700789,0.223529412,0.106897764,0.340161059,4.306667412
1,32,32,NA,2.857142857,1.574288896,4.139996818,2.857142857,1.574288896,4.139996818,2.857142857,1.574288896,4.139996818,0.047619048,0.008583045,0.086655051,0.917460476
1,33,33,NA,17.33333333,16.69769161,17.96897506,17.33333333,16.69769161,17.96897506,17.33333333,16.69769161,17.96897506,0.24,0.137614656,0.342385344,4.6240008
1,34,34,NA,16.68571429,16.10760211,17.26382646,16.68571429,16.10760211,17.26382646,16.68571429,16.10760211,17.26382646,0.566666667,0.513832384,0.619500949,10.91777967
1,35,35,NA,6.857142857,3.363475116,10.3508106,6.857142857,3.363475116,10.3508106,6.857142857,3.363475116,10.3508106,0.125,0.069622508,0.180377492,2.40833375
1,36,36,NA,17.5,16.61534826,18.38465174,17.5,16.61534826,18.38465174,17.5,16.61534826,18.38465174,0.294736842,0.133600526,0.455873158,5.678597474
1,37,37,NA,15.57142857,14.36737897,16.77547818,15.57142857,14.36737897,16.77547818,15.57142857,14.36737897,16.77547818,0.236363636,0.091255825,0.381471448,4.553940182
1,38,38,NA,8.571428571,5.758585186,11.38427196,8.571428571,5.758585186,11.38427196,8.571428571,5.758585186,11.38427196,0.171428571,0.068718053,0.27413909,3.302857714
1,39,39,NA,3.428571429,2.555699868,4.30144299,3.428571429,2.555699868,4.30144299,3.428571429,2.555699868,4.30144299,0.32,0.256754447,0.383245553,6.1653344
1,40,40,NA,11.76470588,9.304324624,14.22508714,11.76470588,9.304324624,14.22508714,11.76470588,9.304324624,14.22508714,0.147826087,0.078628867,0.217023307,2.848116435
1,41,41,NA,16.25,15.39670603,17.10329397,16.25,15.39670603,17.10329397,16.25,15.39670603,17.10329397,0.4,0.271516785,0.528483215,7.706668
1,42,42,NA,0,0,0,0,0,0,0,0,0,0,0,0,0
1,43,43,NA,6.25,3.723474058,8.776525942,6.25,3.723474058,8.776525942,6.25,3.723474058,8.776525942,0.16,0.040743041,0.279256959,3.0826672
1,44,44,NA,NA,NA,NA,NA,NA,NA,NA,NA,NA,NA,NA,NA,NA
1,45,45,NA,NA,NA,NA,NA,NA,NA,NA,NA,NA,NA,NA,NA,NA
1,46,46,NA,0,0,0,0,0,0,0,0,0,0,0,0,0
2,0,0,NA,0,0,0,0,0,0,0,0,0,0,0,0,0
2,1,1,NA,8.869565217,7.166610002,10.57252043,8.869565217,7.166610002,10.57252043,8.869565217,7.166610002,10.57252043,0.485714286,0.391385291,0.58004328,9.714285714
2,2,2,NA,12.95238095,11.57778144,14.32698046,12.95238095,11.57778144,14.32698046,12.95238095,11.57778144,14.32698046,0.63,0.546522931,0.713477069,12.6
2,3,3,NA,4.307692308,3.576593481,5.038791134,4.307692308,3.576593481,5.038791134,4.307692308,3.576593481,5.038791134,0.283333333,0.245263984,0.321402683,5.666666667
2,4,4,NA,12.375,11.40052744,13.34947256,12.375,11.40052744,13.34947256,12.375,11.40052744,13.34947256,0.537931034,0.4841343,0.591727769,10.75862069
2,5,5,NA,10.6,8.651181194,12.54881881,10.6,8.651181194,12.54881881,10.6,8.651181194,12.54881881,0.592307692,0.482810005,0.70180538,11.84615385
2,6,6,NA,12.15384615,10.98426841,13.32342389,12.15384615,10.98426841,13.32342389,12.15384615,10.98426841,13.32342389,0.630769231,0.560855626,0.700682835,12.61538462
2,7,7,NA,16.12903226,14.94672542,17.3113391,16.12903226,14.94672542,17.3113391,16.12903226,14.94672542,17.3113391,0.747058824,0.715393799,0.778723848,14.94117647
2,8,8,NA,8.571428571,7.502383604,9.640473539,8.571428571,7.502383604,9.640473539,8.571428571,7.502383604,9.640473539,0.6,0.530368938,0.669631062,12
2,9,9,NA,11.36842105,10.00044992,12.73639219,11.36842105,10.00044992,12.73639219,11.36842105,10.00044992,12.73639219,0.346666667,0.258295156,0.435038177,6.933333333
2,10,10,NA,7.75,6.723679712,8.776320288,7.75,6.723679712,8.776320288,7.75,6.723679712,8.776320288,0.314285714,0.19849887,0.430072559,6.285714286
2,11,11,NA,10.37037037,8.963370022,11.77737072,10.37037037,8.963370022,11.77737072,10.37037037,8.963370022,11.77737072,0.48,0.418441299,0.541558701,9.6
2,12,12,NA,16.91428571,16.31176998,17.51680145,16.91428571,16.31176998,17.51680145,16.91428571,16.31176998,17.51680145,0.651428571,0.577978194,0.724878949,13.02857143
2,13,13,NA,8.96,7.523956051,10.39604395,8.96,7.523956051,10.39604395,8.96,7.523956051,10.39604395,0.385185185,0.30151675,0.46885362,7.703703704
2,14,14,NA,4.516129032,3.502549953,5.529708112,4.516129032,3.502549953,5.529708112,4.516129032,3.502549953,5.529708112,0.337931034,0.232751987,0.443110082,6.75862069
2,15,15,NA,12.17391304,10.82746894,13.52035715,12.17391304,10.82746894,13.52035715,12.17391304,10.82746894,13.52035715,0.663636364,0.605156338,0.722116389,13.27272727
2,16,16,NA,9.230769231,7.521068402,10.94047006,9.230769231,7.521068402,10.94047006,9.230769231,7.521068402,10.94047006,0.457142857,0.410262134,0.50402358,9.142857143
2,17,17,NA,6,4.450806662,7.549193338,6,4.450806662,7.549193338,6,4.450806662,7.549193338,0.275,0.201807495,0.348192505,5.5
2,18,18,NA,13,12.20528059,13.79471941,13,12.20528059,13.79471941,13,12.20528059,13.79471941,0.3625,0.22974082,0.49525918,7.25
2,19,19,NA,10.4,7.870177872,12.92982213,10.4,7.870177872,12.92982213,10.4,7.870177872,12.92982213,0.36,0.296754447,0.423245553,7.2
2,20,20,NA,12.17391304,11.13197303,13.21585306,12.17391304,11.13197303,13.21585306,12.17391304,11.13197303,13.21585306,0.495652174,0.43112797,0.560176378,9.913043478
2,21,21,NA,16.125,14.76816035,17.48183965,16.125,14.76816035,17.48183965,16.125,14.76816035,17.48183965,0.569230769,0.518219027,0.620242511,11.38461538
2,22,22,NA,14,12.24023462,15.75976538,14,12.24023462,15.75976538,14,12.24023462,15.75976538,0.620689655,0.525189196,0.716190115,12.4137931
2,23,23,NA,8,8,8,8,8,8,8,8,8,0.32,0.260371521,0.379628479,6.4
2,24,24,NA,13.79310345,13.02792166,14.55828524,13.79310345,13.02792166,14.55828524,13.79310345,13.02792166,14.55828524,0.632,0.603715729,0.660284271,12.64
2,25,25,NA,15.2,12.27881303,18.12118697,15.2,12.27881303,18.12118697,15.2,12.27881303,18.12118697,0.6,0.54,0.66,12
2,26,26,NA,NA,NA,NA,NA,NA,NA,NA,NA,NA,NA,NA,NA,NA
2,27,27,NA,12.76923077,11.63604828,13.90241326,12.76923077,11.63604828,13.90241326,12.76923077,11.63604828,13.90241326,0.31,0.192213395,0.427786605,6.2
2,28,28,NA,9.161290323,7.690635223,10.63194542,9.161290323,7.690635223,10.63194542,9.161290323,7.690635223,10.63194542,0.40625,0.321496359,0.491003641,8.125
2,29,29,NA,8,4,12,8,4,12,8,4,12,0.4,0.2,0.6,8
2,30,30,NA,1.828571429,1.11378169,2.543361167,1.828571429,1.11378169,2.543361167,1.828571429,1.11378169,2.543361167,0.4,0.304794751,0.495205249,8
2,31,31,NA,12,10.17425814,13.82574186,12,10.17425814,13.82574186,12,10.17425814,13.82574186,0.230769231,0.150705154,0.310833308,4.615384615
2,32,32,NA,2.24,1.333725575,3.146274425,2.24,1.333725575,3.146274425,2.24,1.333725575,3.146274425,0.356521739,0.267255959,0.445787519,7.130434783
2,33,33,NA,16.22222222,15.00593069,17.43851375,16.22222222,15.00593069,17.43851375,16.22222222,15.00593069,17.43851375,0.413793103,0.335727107,0.4918591,8.275862069
2,34,34,NA,17.57142857,16.36737897,18.77547818,17.57142857,16.36737897,18.77547818,17.57142857,16.36737897,18.77547818,0.718518519,0.680668268,0.756368769,14.37037037
2,35,35,NA,8.8,6.385756552,11.21424345,8.8,6.385756552,11.21424345,8.8,6.385756552,11.21424345,0.4,0.293726214,0.506273786,8
2,36,36,NA,17.25,15.66359946,18.83640054,17.25,15.66359946,18.83640054,17.25,15.66359946,18.83640054,0.4,0.332063378,0.467936622,8
2,37,37,NA,8,8,8,8,8,8,8,8,8,0.428571429,0.35153854,0.505604317,8.571428571
2,38,38,NA,8,8,8,8,8,8,8,8,8,0.325,0.26523857,0.38476143,6.5
2,39,39,NA,4,4,4,4,4,4,4,4,4,0.2,0.2,0.2,4
2,40,40,NA,9.428571429,7.242931495,11.61421136,9.428571429,7.242931495,11.61421136,9.428571429,7.242931495,11.61421136,0.2,0.117192133,0.282807867,4
2,41,41,NA,13.28,12.50253975,14.05746025,13.28,12.50253975,14.05746025,13.28,12.50253975,14.05746025,0.426086957,0.35099369,0.501180223,8.52173913
2,42,42,NA,0,0,0,0,0,0,0,0,0,0,0,0,0
2,43,43,NA,7.6,5.303464768,9.896535232,7.6,5.303464768,9.896535232,7.6,5.303464768,9.896535232,0.3,0.23827866,0.36172134,6
2,44,44,NA,NA,NA,NA,NA,NA,NA,NA,NA,NA,NA,NA,NA,NA
2,45,45,NA,NA,NA,NA,NA,NA,NA,NA,NA,NA,NA,NA,NA,NA
2,46,46,NA,0,0,0,0,0,0,0,0,0,0,0,0,0
3,0,0,NA,0,0,0,0,0,0,0,0,0,0,0,0,NA
3,1,1,NA,16,9.6,22.4,16,9.6,22.4,16,9.6,22.4,0.6,0.42,0.78,NA
3,2,2,NA,12,6,18,12,6,18,12,6,18,0.2,0.14,0.26,NA
3,3,3,NA,4,3.2,4.8,4,3.2,4.8,4,3.2,4.8,0,0,0,NA
3,4,4,NA,12,8.4,15.6,12,8.4,15.6,12,8.4,15.6,0.6,0.42,0.78,NA
3,5,5,NA,12,6,18,12,6,18,12,6,18,0.4,0.28,0.52,NA
3,6,6,NA,12,8.4,15.6,12,8.4,15.6,12,8.4,15.6,0.6,0.36,0.84,NA
3,7,7,NA,12,7.2,16.8,12,7.2,16.8,12,7.2,16.8,0.6,0.42,0.78,NA
3,8,8,NA,12,6,18,12,6,18,12,6,18,0.2,0.14,0.26,NA
3,9,9,NA,8,6.4,9.6,8,6.4,9.6,8,6.4,9.6,0,0,0,NA
3,10,10,NA,12,9.6,14.4,12,9.6,14.4,12,9.6,14.4,0,0,0,NA
3,11,11,NA,20,16,24,20,16,24,20,16,24,0.4,0.28,0.52,NA
3,12,12,NA,16,11.2,20.8,16,11.2,20.8,16,11.2,20.8,0.4,0.24,0.56,NA
3,13,13,NA,12,9.6,14.4,12,9.6,14.4,12,9.6,14.4,0.2,0.14,0.26,NA
3,14,14,NA,12,9.6,14.4,12,9.6,14.4,12,9.6,14.4,0,0,0,NA
3,15,15,NA,12,8.4,15.6,12,8.4,15.6,12,8.4,15.6,0.4,0.24,0.56,NA
3,16,16,NA,12,8.4,15.6,12,8.4,15.6,12,8.4,15.6,0.4,0.24,0.56,NA
3,17,17,NA,16,9.6,22.4,16,9.6,22.4,16,9.6,22.4,0.6,0.36,0.84,NA
3,18,18,NA,16,9.6,22.4,16,9.6,22.4,16,9.6,22.4,0.6,0.36,0.84,NA
3,19,19,NA,12,7.2,16.8,12,7.2,16.8,12,7.2,16.8,0,0,0,NA
3,20,20,NA,20,16,24,20,16,24,20,16,24,0.4,0.24,0.56,NA
3,21,21,NA,16,12.8,19.2,16,12.8,19.2,16,12.8,19.2,0.2,0.14,0.26,NA
3,22,22,NA,16,12.8,19.2,16,12.8,19.2,16,12.8,19.2,0.2,0.14,0.26,NA
3,23,23,NA,12,8.4,15.6,12,8.4,15.6,12,8.4,15.6,0.6,0.42,0.78,NA
3,24,24,NA,16,12.8,19.2,16,12.8,19.2,16,12.8,19.2,0.4,0.28,0.52,NA
3,25,25,NA,20,14,26,20,14,26,20,14,26,0.6,0.36,0.84,NA
3,26,26,NA,16,12.8,19.2,16,12.8,19.2,16,12.8,19.2,0.4,0.2,0.6,NA
3,27,27,NA,12,7.2,16.8,12,7.2,16.8,12,7.2,16.8,0.2,0.12,0.28,NA
3,28,28,NA,0,0,0,0,0,0,0,0,0,0.4,0.2,0.6,NA
3,29,29,NA,4,3.2,4.8,4,3.2,4.8,4,3.2,4.8,0,0,0,NA
3,30,30,NA,4,3.2,4.8,4,3.2,4.8,4,3.2,4.8,0.2,0.12,0.28,NA
3,31,31,NA,12,0,24,12,0,24,12,0,24,0.2,0.1,0.3,NA
3,32,32,NA,8,4.8,11.2,8,4.8,11.2,8,4.8,11.2,0.2,0.1,0.3,NA
3,33,33,NA,16,12.8,19.2,16,12.8,19.2,16,12.8,19.2,0.2,0.1,0.3,NA
3,34,34,NA,12,8.4,15.6,12,8.4,15.6,12,8.4,15.6,0.4,0.24,0.56,NA
3,35,35,NA,8,5.6,10.4,8,5.6,10.4,8,5.6,10.4,0.4,0.2,0.6,NA
3,36,36,NA,16,12.8,19.2,16,12.8,19.2,16,12.8,19.2,0.4,0.2,0.6,NA
3,37,37,NA,0,0,0,0,0,0,0,0,0,0.4,0.2,0.6,NA
3,38,38,NA,4,2.4,5.6,4,2.4,5.6,4,2.4,5.6,0.4,0.2,0.6,NA
3,39,39,NA,0,0,0,0,0,0,0,0,0,0,0,0,NA
3,40,40,NA,8,5.6,10.4,8,5.6,10.4,8,5.6,10.4,0.2,0.1,0.3,NA
3,41,41,NA,12,8.4,15.6,12,8.4,15.6,12,8.4,15.6,0.2,0.1,0.3,NA
3,42,42,NA,4,2.4,5.6,4,2.4,5.6,4,2.4,5.6,0.2,0.1,0.3,NA
3,43,43,NA,8,4.8,11.2,8,4.8,11.2,8,4.8,11.2,0.2,0.1,0.3,NA
3,44,44,NA,NA,NA,NA,NA,NA,NA,NA,NA,NA,NA,NA,NA,NA
3,45,45,NA,NA,NA,NA,NA,NA,NA,NA,NA,NA,NA,NA,NA,NA
3,46,46,NA,0,0,0,0,0,0,0,0,0,0,0,0,NA
4,0,0,NA,0,0,0,0,0,0,0,0,0,0,0,0,NA
4,1,1,NA,16,11.2,20.8,16,11.2,20.8,16,11.2,20.8,0.6,0.42,0.78,NA
4,2,2,NA,12,6,18,12,6,18,12,6,18,0.2,0.14,0.26,NA
4,3,3,NA,4,3.2,4.8,4,3.2,4.8,4,3.2,4.8,0.2,0.14,0.26,NA
4,4,4,NA,12,8.4,15.6,12,8.4,15.6,12,8.4,15.6,0.6,0.36,0.84,NA
4,5,5,NA,12,6,18,12,6,18,12,6,18,0.6,0.36,0.84,NA
4,6,6,NA,8,5.6,10.4,8,5.6,10.4,8,5.6,10.4,0.4,0.28,0.52,NA
4,7,7,NA,12,7.2,16.8,12,7.2,16.8,12,7.2,16.8,0.6,0.42,0.78,NA
4,8,8,NA,12,6,18,12,6,18,12,6,18,0.6,0.3,0.9,NA
4,9,9,NA,8,6.4,9.6,8,6.4,9.6,8,6.4,9.6,0.2,0.12,0.28,NA
4,10,10,NA,12,9.6,14.4,12,9.6,14.4,12,9.6,14.4,0.4,0.24,0.56,NA
4,11,11,NA,20,16,24,20,16,24,20,16,24,0.6,0.42,0.78,NA
4,12,12,NA,16,11.2,20.8,16,11.2,20.8,16,11.2,20.8,0.4,0.24,0.56,NA
4,13,13,NA,12,9.6,14.4,12,9.6,14.4,12,9.6,14.4,0.2,0.12,0.28,NA
4,14,14,NA,12,9.6,14.4,12,9.6,14.4,12,9.6,14.4,0.4,0.24,0.56,NA
4,15,15,NA,12,8.4,15.6,12,8.4,15.6,12,8.4,15.6,0.4,0.24,0.56,NA
4,16,16,NA,12,8.4,15.6,12,8.4,15.6,12,8.4,15.6,0.6,0.42,0.78,NA
4,17,17,NA,16,9.6,22.4,16,9.6,22.4,16,9.6,22.4,0.2,0.12,0.28,NA
4,18,18,NA,16,9.6,22.4,16,9.6,22.4,16,9.6,22.4,0.2,0.12,0.28,NA
4,19,19,NA,12,7.2,16.8,12,7.2,16.8,12,7.2,16.8,0.2,0.1,0.3,NA
4,20,20,NA,20,16,24,20,16,24,20,16,24,0.6,0.36,0.84,NA
4,21,21,NA,16,12.8,19.2,16,12.8,19.2,16,12.8,19.2,0.2,0.1,0.3,NA
4,22,22,NA,16,12.8,19.2,16,12.8,19.2,16,12.8,19.2,0.2,0.1,0.3,NA
4,23,23,NA,12,8.4,15.6,12,8.4,15.6,12,8.4,15.6,0.6,0.42,0.78,NA
4,24,24,NA,16,12.8,19.2,16,12.8,19.2,16,12.8,19.2,0.6,0.42,0.78,NA
4,25,25,NA,20,14,26,20,14,26,20,14,26,0.6,0.42,0.78,NA
4,26,26,NA,16,12.8,19.2,16,12.8,19.2,16,12.8,19.2,0.6,0.36,0.84,NA
4,27,27,NA,12,7.2,16.8,12,7.2,16.8,12,7.2,16.8,0,0,0,NA
4,28,28,NA,0,0,0,0,0,0,0,0,0,0,0,0,NA
4,29,29,NA,4,3.2,4.8,4,3.2,4.8,4,3.2,4.8,0,0,0,NA
4,30,30,NA,4,3.2,4.8,4,3.2,4.8,4,3.2,4.8,0,0,0,NA
4,31,31,NA,12,0,24,12,0,24,12,0,24,0,0,0,NA
4,32,32,NA,8,4.8,11.2,8,4.8,11.2,8,4.8,11.2,0,0,0,NA
4,33,33,NA,16,12.8,19.2,16,12.8,19.2,16,12.8,19.2,0,0,0,NA
4,34,34,NA,12,8.4,15.6,12,8.4,15.6,12,8.4,15.6,0.4,0.24,0.56,NA
4,35,35,NA,8,5.6,10.4,8,5.6,10.4,8,5.6,10.4,0,0,0,NA
4,36,36,NA,16,12.8,19.2,16,12.8,19.2,16,12.8,19.2,0,0,0,NA
4,37,37,NA,0,0,0,0,0,0,0,0,0,0,0,0,NA
4,38,38,NA,4,2.4,5.6,4,2.4,5.6,4,2.4,5.6,0,0,0,NA
4,39,39,NA,0,0,0,0,0,0,0,0,0,0.2,0,0.4,NA
4,40,40,NA,8,5.6,10.4,8,5.6,10.4,8,5.6,10.4,0,0,0,NA
4,41,41,NA,12,8.4,15.6,12,8.4,15.6,12,8.4,15.6,0,0,0,NA
4,42,42,NA,4,2.4,5.6,4,2.4,5.6,4,2.4,5.6,0,0,0,NA
4,43,43,NA,8,4.8,11.2,8,4.8,11.2,8,4.8,11.2,0,0,0,NA
4,44,44,NA,NA,NA,NA,NA,NA,NA,NA,NA,NA,NA,NA,NA,NA
4,45,45,NA,NA,NA,NA,NA,NA,NA,NA,NA,NA,NA,NA,NA,NA
4,46,46,NA,0,0,0,0,0,0,0,0,0,0,0,0,NA
5,0,0,NA,0,0,0,0,0,0,0,0,0,0,0,0,NA
5,1,1,NA,8,5.6,10.4,8,5.6,10.4,8,5.6,10.4,0.6,0.42,0.78,NA
5,2,2,NA,12,9.6,14.4,12,9.6,14.4,12,9.6,14.4,0.4,0.28,0.52,NA
5,3,3,NA,8,6.4,9.6,8,6.4,9.6,8,6.4,9.6,0.6,0.42,0.78,NA
5,4,4,NA,12,8.4,15.6,12,8.4,15.6,12,8.4,15.6,0.8,0.56,1.04,NA
5,5,5,NA,16,12.8,19.2,16,12.8,19.2,16,12.8,19.2,0.6,0.42,0.78,NA
5,6,6,NA,8,6.4,9.6,8,6.4,9.6,8,6.4,9.6,0.4,0.28,0.52,NA
5,7,7,NA,16,12.8,19.2,16,12.8,19.2,16,12.8,19.2,0.6,0.42,0.78,NA
5,8,8,NA,8,5.6,10.4,8,5.6,10.4,8,5.6,10.4,0.6,0.42,0.78,NA
5,9,9,NA,NA,NA,NA,NA,NA,NA,NA,NA,NA,NA,NA,NA,NA
5,10,10,NA,NA,NA,NA,NA,NA,NA,NA,NA,NA,NA,NA,NA,NA
5,11,11,NA,8,6.4,9.6,8,6.4,9.6,8,6.4,9.6,NA,NA,NA,NA
5,12,12,NA,16,12.8,19.2,16,12.8,19.2,16,12.8,19.2,0.8,0.56,1.04,NA
5,13,13,NA,8,6.4,9.6,8,6.4,9.6,8,6.4,9.6,0.2,0.14,0.26,NA
5,14,14,NA,8,6.4,9.6,8,6.4,9.6,8,6.4,9.6,0.2,0.14,0.26,NA
5,15,15,NA,16,12.8,19.2,16,12.8,19.2,16,12.8,19.2,0.2,0.14,0.26,NA
5,16,16,NA,NA,NA,NA,NA,NA,NA,NA,NA,NA,NA,NA,NA,NA
5,17,17,NA,NA,NA,NA,NA,NA,NA,NA,NA,NA,NA,NA,NA,NA
5,18,18,NA,16,12.8,19.2,16,12.8,19.2,16,12.8,19.2,0.6,0.42,0.78,NA
5,19,19,NA,NA,NA,NA,NA,NA,NA,NA,NA,NA,NA,NA,NA,NA
5,20,20,NA,12,8.4,15.6,12,8.4,15.6,12,8.4,15.6,0.6,0.42,0.78,NA
5,21,21,NA,16,12.8,19.2,16,12.8,19.2,16,12.8,19.2,0.4,0.28,0.52,NA
5,22,22,NA,16,12.8,19.2,16,12.8,19.2,16,12.8,19.2,0.4,0.28,0.52,NA
5,23,23,NA,NA,NA,NA,NA,NA,NA,NA,NA,NA,NA,NA,NA,NA
5,24,24,NA,12,8.4,15.6,12,8.4,15.6,12,8.4,15.6,0.8,0.56,1.04,NA
5,25,25,NA,NA,NA,NA,NA,NA,NA,NA,NA,NA,NA,NA,NA,NA
5,26,26,NA,NA,NA,NA,NA,NA,NA,NA,NA,NA,NA,NA,NA,NA
5,27,27,NA,12,8.4,15.6,12,8.4,15.6,12,8.4,15.6,0,0,0,NA
5,28,28,NA,12,8.4,15.6,12,8.4,15.6,12,8.4,15.6,0,0,0,NA
5,29,29,NA,NA,NA,NA,NA,NA,NA,NA,NA,NA,NA,NA,NA,NA
5,30,30,NA,0,0,0,0,0,0,0,0,0,0,0,0,NA
5,31,31,NA,NA,NA,NA,NA,NA,NA,NA,NA,NA,NA,NA,NA,NA
5,32,32,NA,4,2.8,5.2,4,2.8,5.2,4,2.8,5.2,0,0,0,NA
5,33,33,NA,16,12.8,19.2,16,12.8,19.2,16,12.8,19.2,0,0,0,NA
5,34,34,NA,16,12.8,19.2,16,12.8,19.2,16,12.8,19.2,0.4,0.32,0.48,NA
5,35,35,NA,NA,NA,NA,NA,NA,NA,NA,NA,NA,NA,NA,NA,NA
5,36,36,NA,NA,NA,NA,NA,NA,NA,NA,NA,NA,NA,NA,NA,NA
5,37,37,NA,12,8.4,15.6,12,8.4,15.6,12,8.4,15.6,0,0,0,NA
5,38,38,NA,12,8.4,15.6,12,8.4,15.6,12,8.4,15.6,NA,NA,NA,NA
5,39,39,NA,NA,NA,NA,NA,NA,NA,NA,NA,NA,NA,NA,NA,NA
5,40,40,NA,4,2.8,5.2,4,2.8,5.2,4,2.8,5.2,0,0,0,NA
5,41,41,NA,12,8.4,15.6,12,8.4,15.6,12,8.4,15.6,0,0,0,NA
5,42,42,NA,NA,NA,NA,NA,NA,NA,NA,NA,NA,NA,NA,NA,NA
5,43,43,NA,NA,NA,NA,NA,NA,NA,NA,NA,NA,NA,NA,NA,NA
5,44,44,NA,NA,NA,NA,NA,NA,NA,NA,NA,NA,NA,NA,NA,NA
5,45,45,NA,NA,NA,NA,NA,NA,NA,NA,NA,NA,NA,NA,NA,NA
5,46,46,NA,0,0,0,0,0,0,0,0,0,0,0,0,NA
6,0,0,NA,0,0,0,0,0,0,0,0,0,0,0,0,0
6,1,1,NA,9.333333333,4.861197378,13.80546929,9.333333333,4.861197378,13.80546929,9.333333333,4.861197378,13.80546929,0.425,0.205422484,0.644577516,8.5
6,2,2,NA,9.333333333,4.861197378,13.80546929,9.333333333,4.861197378,13.80546929,9.333333333,4.861197378,13.80546929,0.4,0.4,0.4,8
6,3,3,NA,6.666666667,5.252453104,8.080880229,6.666666667,5.252453104,8.080880229,6.666666667,5.252453104,8.080880229,0.314285714,0.23869282,0.389878609,6.285714286
6,4,4,NA,12.28571429,10.37181678,14.19961179,12.28571429,10.37181678,14.19961179,12.28571429,10.37181678,14.19961179,0.676923077,0.565983038,0.787863116,13.53846154
6,5,5,NA,10.54545455,9.380304015,11.71060508,10.54545455,9.380304015,11.71060508,10.54545455,9.380304015,11.71060508,0.4,0.4,0.4,8
6,6,6,NA,9.454545455,8.289394925,10.61969598,9.454545455,8.289394925,10.61969598,9.454545455,8.289394925,10.61969598,0.4,0.4,0.4,8
6,7,7,NA,16,14.18835675,17.81164325,16,14.18835675,17.81164325,16,14.18835675,17.81164325,0.742857143,0.688723947,0.796990339,14.85714286
6,8,8,NA,9.333333333,8.196262846,10.47040382,9.333333333,8.196262846,10.47040382,9.333333333,8.196262846,10.47040382,0.533333333,0.476479809,0.590186858,10.66666667
6,9,9,NA,12,12,12,12,12,12,12,12,12,0.366666667,0.270266826,0.463066507,7.333333333
6,10,10,NA,8,8,8,8,8,8,8,8,8,0.316666667,0.257207828,0.376125506,6.333333333
6,11,11,NA,11.63636364,9.716767719,13.55595955,11.63636364,9.716767719,13.55595955,11.63636364,9.716767719,13.55595955,0.533333333,0.476479809,0.590186858,10.66666667
6,12,12,NA,14.85714286,13.77447893,15.93980678,14.85714286,13.77447893,15.93980678,14.85714286,13.77447893,15.93980678,0.857142857,0.803009661,0.911276053,17.14285714
6,13,13,NA,8,6.114381917,9.885618083,8,6.114381917,9.885618083,8,6.114381917,9.885618083,0.307692308,0.154102778,0.461281837,6.153846154
6,14,14,NA,6.769230769,5.659830377,7.878631162,6.769230769,5.659830377,7.878631162,6.769230769,5.659830377,7.878631162,0.246153846,0.129212777,0.363094915,4.923076923
6,15,15,NA,10.90909091,8.578789849,13.23939197,10.90909091,8.578789849,13.23939197,10.90909091,8.578789849,13.23939197,0.533333333,0.419626285,0.647040382,10.66666667
6,16,16,NA,8,8,8,8,8,8,8,8,8,0.327272727,0.269015201,0.385530254,6.545454545
6,17,17,NA,6,4.450806662,7.549193338,6,4.450806662,7.549193338,6,4.450806662,7.549193338,0.4,0.4,0.4,8
6,18,18,NA,8,8,8,8,8,8,8,8,8,0.5,0.422540333,0.577459667,10
6,19,19,NA,7.2,5.935088936,8.464911064,7.2,5.935088936,8.464911064,7.2,5.935088936,8.464911064,0.36,0.296754447,0.423245553,7.2
6,20,20,NA,13.33333333,12.19626285,14.47040382,13.33333333,12.19626285,14.47040382,13.33333333,12.19626285,14.47040382,0.733333333,0.676479809,0.790186858,14.66666667
6,21,21,NA,13.33333333,10.3249276,16.34173907,13.33333333,10.3249276,16.34173907,13.33333333,10.3249276,16.34173907,0.454545455,0.400609466,0.508481444,9.090909091
6,22,22,NA,12.61538462,8.632515315,16.59825392,12.61538462,8.632515315,16.59825392,12.61538462,8.632515315,16.59825392,0.381818182,0.285838386,0.477797978,7.636363636
6,23,23,NA,8,8,8,8,8,8,8,8,8,0.4,0.4,0.4,8
6,24,24,NA,16,16,16,16,16,16,16,16,16,0.815384615,0.715812883,0.914956348,16.30769231
6,25,25,NA,16,14.4,17.6,16,14.4,17.6,16,14.4,17.6,0.8,0.72,0.88,16
6,26,26,NA,NA,NA,NA,NA,NA,NA,NA,NA,NA,NA,NA,NA,NA
6,27,27,NA,9.846153846,6.774363255,12.91794444,9.846153846,6.774363255,12.91794444,9.846153846,6.774363255,12.91794444,0.311111111,0.250253049,0.371969173,6.222222222
6,28,28,NA,12.61538462,9.107152538,16.12361669,12.61538462,9.107152538,16.12361669,12.61538462,9.107152538,16.12361669,0.233333333,0.114415655,0.352251011,4.666666667
6,29,29,NA,8,4,12,8,4,12,8,4,12,0.4,0.2,0.6,8
6,30,30,NA,2.4,1.228919912,3.571080088,2.4,1.228919912,3.571080088,2.4,1.228919912,3.571080088,0.123076923,0.064606388,0.181547458,2.461538462
6,31,31,NA,12.30769231,10.31625766,14.29912696,12.30769231,10.31625766,14.29912696,12.30769231,10.31625766,14.29912696,0.246153846,0.095940323,0.396367369,4.923076923
6,32,32,NA,2.4,1.228919912,3.571080088,2.4,1.228919912,3.571080088,2.4,1.228919912,3.571080088,0.128571429,0.071154503,0.185988354,2.571428571
6,33,33,NA,14.66666667,12.41292199,16.92041135,14.66666667,12.41292199,16.92041135,14.66666667,12.41292199,16.92041135,0.266666667,0.117595468,0.415737865,5.333333333
6,34,34,NA,17.42857143,16.28023293,18.57690993,17.42857143,16.28023293,18.57690993,17.42857143,16.28023293,18.57690993,0.528571429,0.273943926,0.783198931,10.57142857
6,35,35,NA,6.181818182,4.975772804,7.38786356,6.181818182,4.975772804,7.38786356,6.181818182,4.975772804,7.38786356,0.15,0.062961172,0.237038828,3
6,36,36,NA,13.33333333,12.20646099,14.46020567,13.33333333,12.20646099,14.46020567,13.33333333,12.20646099,14.46020567,0.266666667,0.117595468,0.415737865,5.333333333
6,37,37,NA,10,8.450806662,11.54919334,10,8.450806662,11.54919334,10,8.450806662,11.54919334,0.4,0.245080666,0.554919334,8
6,38,38,NA,8,8,8,8,8,8,8,8,8,0.28,0.202540333,0.357459667,5.6
6,39,39,NA,4,4,4,4,4,4,4,4,4,0.5,0.358578644,0.641421356,10
6,40,40,NA,9.846153846,5.778352407,13.91395529,9.846153846,5.778352407,13.91395529,9.846153846,5.778352407,13.91395529,0.114285714,0.006019322,0.222552107,2.285714286
6,41,41,NA,12.66666667,10.73866985,14.59466348,12.66666667,10.73866985,14.59466348,12.66666667,10.73866985,14.59466348,0.56,0.51131355,0.60868645,11.2
6,42,42,NA,0,0,0,0,0,0,0,0,0,0,0,0,0
6,43,43,NA,7.6,5.303464768,9.896535232,7.6,5.303464768,9.896535232,7.6,5.303464768,9.896535232,0.177777778,0.056061654,0.299493902,3.555555556
6,44,44,NA,NA,NA,NA,NA,NA,NA,NA,NA,NA,NA,NA,NA,NA
6,45,45,NA,NA,NA,NA,NA,NA,NA,NA,NA,NA,NA,NA,NA,NA
6,46,46,NA,0,0,0,0,0,0,0,0,0,0,0,0,0
7,0,0,NA,0,0,0,0,0,0,0,0,0,0,0,0,0
7,1,1,NA,16,11.2,20.8,16,11.2,20.8,16,11.2,20.8,1,0.8,1.2,20
7,2,2,NA,16,9.6,22.4,16,9.6,22.4,16,9.6,22.4,0.4,0.24,0.56,8
7,3,3,NA,8,7.2,8.8,8,7.2,8.8,8,7.2,8.8,0.6,0.42,0.78,12
7,4,4,NA,16,11.2,20.8,16,11.2,20.8,16,11.2,20.8,0.8,0.56,1.04,16
7,5,5,NA,12,7.2,16.8,12,7.2,16.8,12,7.2,16.8,0.2,0.16,0.24,4
7,6,6,NA,12,8.4,15.6,12,8.4,15.6,12,8.4,15.6,0.2,0.16,0.24,4
7,7,7,NA,12,8.4,15.6,12,8.4,15.6,12,8.4,15.6,1,0.7,1.3,20
7,8,8,NA,12,8.4,15.6,12,8.4,15.6,12,8.4,15.6,0.4,0.28,0.52,8
7,9,9,NA,12,8.4,15.6,12,8.4,15.6,12,8.4,15.6,0,0,0,0
7,10,10,NA,8,4.8,11.2,8,4.8,11.2,8,4.8,11.2,0,0,0,0
7,11,11,NA,12,7.2,16.8,12,7.2,16.8,12,7.2,16.8,0.4,0.32,0.48,8
7,12,12,NA,12,7.2,16.8,12,7.2,16.8,12,7.2,16.8,0.8,0.56,1.04,16
7,13,13,NA,8,5.6,10.4,8,5.6,10.4,8,5.6,10.4,0,0,0,0
7,14,14,NA,8,6.4,9.6,8,6.4,9.6,8,6.4,9.6,0,0,0,0
7,15,15,NA,16,9.6,22.4,16,9.6,22.4,16,9.6,22.4,1,0.7,1.3,20
7,16,16,NA,NA,NA,NA,NA,NA,NA,NA,NA,NA,0,0,0,0
7,17,17,NA,NA,NA,NA,NA,NA,NA,NA,NA,NA,NA,NA,NA,NA
7,18,18,NA,NA,NA,NA,NA,NA,NA,NA,NA,NA,NA,NA,NA,NA
7,19,19,NA,NA,NA,NA,NA,NA,NA,NA,NA,NA,NA,NA,NA,NA
7,20,20,NA,16,11.2,20.8,16,11.2,20.8,16,11.2,20.8,0.8,0.56,1.04,16
7,21,21,NA,20,12,28,20,12,28,20,12,28,0.4,0.24,0.56,8
7,22,22,NA,20,14,26,20,14,26,20,14,26,0.4,0.24,0.56,8
7,23,23,NA,NA,NA,NA,NA,NA,NA,NA,NA,NA,NA,NA,NA,NA
7,24,24,NA,16,11.2,20.8,16,11.2,20.8,16,11.2,20.8,0.6,0.36,0.84,12
7,25,25,NA,NA,NA,NA,NA,NA,NA,NA,NA,NA,NA,NA,NA,NA
7,26,26,NA,NA,NA,NA,NA,NA,NA,NA,NA,NA,NA,NA,NA,NA
7,27,27,NA,16,11.2,20.8,16,11.2,20.8,16,11.2,20.8,0,0,0,0
7,28,28,NA,16,11.2,20.8,16,11.2,20.8,16,11.2,20.8,0,0,0,0
7,29,29,NA,NA,NA,NA,NA,NA,NA,NA,NA,NA,0,0,0,0
7,30,30,NA,0,0,0,0,0,0,0,0,0,0,0,0,0
7,31,31,NA,16,11.2,20.8,16,11.2,20.8,16,11.2,20.8,0,0,0,0
7,32,32,NA,0,0,0,0,0,0,0,0,0,0,0,0,0
7,33,33,NA,16,11.2,20.8,16,11.2,20.8,16,11.2,20.8,0,0,0,0
7,34,34,NA,16,11.2,20.8,16,11.2,20.8,16,11.2,20.8,0,0,0,0
7,35,35,NA,8,4.8,11.2,8,4.8,11.2,8,4.8,11.2,0,0,0,0
7,36,36,NA,16,11.2,20.8,16,11.2,20.8,16,11.2,20.8,0,0,0,0
7,37,37,NA,NA,NA,NA,NA,NA,NA,NA,NA,NA,NA,NA,NA,NA
7,38,38,NA,NA,NA,NA,NA,NA,NA,NA,NA,NA,NA,NA,NA,NA
7,39,39,NA,NA,NA,NA,NA,NA,NA,NA,NA,NA,NA,NA,NA,NA
7,40,40,NA,16,11.2,20.8,16,11.2,20.8,16,11.2,20.8,0,0,0,0
7,41,41,NA,16,11.2,20.8,16,11.2,20.8,16,11.2,20.8,0,0,0,0
7,42,42,NA,NA,NA,NA,NA,NA,NA,NA,NA,NA,NA,NA,NA,NA
7,43,43,NA,12,7.2,16.8,12,7.2,16.8,12,7.2,16.8,0,0,0,0
7,44,44,NA,NA,NA,NA,NA,NA,NA,NA,NA,NA,NA,NA,NA,NA
7,45,45,NA,NA,NA,NA,NA,NA,NA,NA,NA,NA,NA,NA,NA,NA
7,46,46,NA,0,0,0,0,0,0,0,0,0,0,0,0,0
8,0,0,NA,0,0,0,0,0,0,0,0,0,0,0,0,0
8,1,1,NA,4,-0.242640687,8.242640687,4,-0.242640687,8.242640687,4,-0.242640687,8.242640687,0.466666667,0.395955989,0.537377345,8.991112667
8,2,2,NA,2,0.488142108,3.511857892,2,0.488142108,3.511857892,2,0.488142108,3.511857892,0,0,0,0
8,3,3,NA,1.333333333,-0.080880229,2.747546896,1.333333333,-0.080880229,2.747546896,1.333333333,-0.080880229,2.747546896,0.533333333,0.462622655,0.604044011,10.27555733
8,4,4,NA,16,16,16,16,16,16,16,16,16,0.84,0.693940651,0.986059349,16.1840028
8,5,5,NA,10.28571429,8.773856394,11.79757218,10.28571429,8.773856394,11.79757218,10.28571429,8.773856394,11.79757218,0.08,0.006970326,0.153029674,1.5413336
8,6,6,NA,12.57142857,9.547712787,15.59514436,12.57142857,9.547712787,15.59514436,12.57142857,9.547712787,15.59514436,0.066666667,-0.004044011,0.137377345,1.284444667
8,7,7,NA,20,20,20,20,20,20,20,20,20,1,1,1,19.26667
8,8,8,NA,4,0.976284216,7.023715784,4,0.976284216,7.023715784,4,0.976284216,7.023715784,0.133333333,-0.008088023,0.27475469,2.568889333
8,9,9,NA,17.33333333,14.50490621,20.16176046,17.33333333,14.50490621,20.16176046,17.33333333,14.50490621,20.16176046,0,0,0,0
8,10,10,NA,3.428571429,0.404855644,6.452287213,3.428571429,0.404855644,6.452287213,3.428571429,0.404855644,6.452287213,0,0,0,0
8,11,11,NA,14,12.48814211,15.51185789,14,12.48814211,15.51185789,14,12.48814211,15.51185789,0,0,0,0
8,12,12,NA,18.4,16.93940651,19.86059349,18.4,16.93940651,19.86059349,18.4,16.93940651,19.86059349,0.24,0.020910977,0.459089023,4.6240008
8,13,13,NA,2.285714286,0.773856394,3.797572178,2.285714286,0.773856394,3.797572178,2.285714286,0.773856394,3.797572178,0,0,0,0
8,14,14,NA,4.571428571,1.547712787,7.595144356,4.571428571,1.547712787,7.595144356,4.571428571,1.547712787,7.595144356,0.028571429,-0.02488082,0.082023677,0.550476286
8,15,15,NA,16.8,13.87881303,19.72118697,16.8,13.87881303,19.72118697,16.8,13.87881303,19.72118697,0.2,-0.012132034,0.412132034,3.853334
8,16,16,NA,8,4.8,11.2,8,4.8,11.2,8,4.8,11.2,0.08,0.006970326,0.153029674,1.5413336
8,17,17,NA,NA,NA,NA,NA,NA,NA,NA,NA,NA,0,0,0,0
8,18,18,NA,20,20,20,20,20,20,20,20,20,0.08,0.006970326,0.153029674,1.5413336
8,19,19,NA,NA,NA,NA,NA,NA,NA,NA,NA,NA,0,0,0,0
8,20,20,NA,16.44444444,13.46302047,19.42586841,16.44444444,13.46302047,19.42586841,16.44444444,13.46302047,19.42586841,0.16,0.013940651,0.306059349,3.0826672
8,21,21,NA,20,20,20,20,20,20,20,20,20,0.08,0.006970326,0.153029674,1.5413336
8,22,22,NA,18.4,16.93940651,19.86059349,18.4,16.93940651,19.86059349,18.4,16.93940651,19.86059349,0,0,0,0
8,23,23,NA,4,2.4,5.6,4,2.4,5.6,4,2.4,5.6,0,0,0,0
8,24,24,NA,20,20,20,20,20,20,20,20,20,0.84,0.693940651,0.986059349,16.1840028
8,25,25,NA,NA,NA,NA,NA,NA,NA,NA,NA,NA,NA,NA,NA,NA
8,26,26,NA,NA,NA,NA,NA,NA,NA,NA,NA,NA,NA,NA,NA,NA
8,27,27,NA,17.33333333,14.50490621,20.16176046,17.33333333,14.50490621,20.16176046,17.33333333,14.50490621,20.16176046,0,0,0,0
8,28,28,NA,16.8,13.87881303,19.72118697,16.8,13.87881303,19.72118697,16.8,13.87881303,19.72118697,0,0,0,0
8,29,29,NA,0,0,0,0,0,0,0,0,0,NA,NA,NA,NA
8,30,30,NA,1,-0.309307341,2.309307341,1,-0.309307341,2.309307341,1,-0.309307341,2.309307341,0,0,0,0
8,31,31,NA,12,7.2,16.8,12,7.2,16.8,12,7.2,16.8,0,0,0,0
8,32,32,NA,NA,NA,NA,NA,NA,NA,NA,NA,NA,NA,NA,NA,NA
8,33,33,NA,20,20,20,20,20,20,20,20,20,0,0,0,0
8,34,34,NA,20,20,20,20,20,20,20,20,20,0.6,0.36,0.84,11.560002
8,35,35,NA,0,0,0,0,0,0,0,0,0,0,0,0,0
8,36,36,NA,18.4,16.93940651,19.86059349,18.4,16.93940651,19.86059349,18.4,16.93940651,19.86059349,0,0,0,0
8,37,37,NA,16,11.75735931,20.24264069,16,11.75735931,20.24264069,16,11.75735931,20.24264069,0,0,0,0
8,38,38,NA,NA,NA,NA,NA,NA,NA,NA,NA,NA,0,0,0,0
8,39,39,NA,NA,NA,NA,NA,NA,NA,NA,NA,NA,NA,NA,NA,NA
8,40,40,NA,17.33333333,14.50490621,20.16176046,17.33333333,14.50490621,20.16176046,17.33333333,14.50490621,20.16176046,0,0,0,0
8,41,41,NA,18.66666667,17.2524531,20.08088023,18.66666667,17.2524531,20.08088023,18.66666667,17.2524531,20.08088023,0,0,0,0
8,42,42,NA,NA,NA,NA,NA,NA,NA,NA,NA,NA,NA,NA,NA,NA
8,43,43,NA,12,10.8,13.2,12,10.8,13.2,12,10.8,13.2,NA,NA,NA,NA
8,44,44,NA,NA,NA,NA,NA,NA,NA,NA,NA,NA,NA,NA,NA,NA
8,45,45,NA,NA,NA,NA,NA,NA,NA,NA,NA,NA,NA,NA,NA,NA
8,46,46,NA,0,0,0,0,0,0,0,0,0,0,0,0,0
